<application>
  <component name="MaterialThemeConfig">
    <option name="accentScrollbars" value="false" />
    <option name="fileIcons" value="false" />
    <option name="fileStatusColorsEnabled" value="false" />
    <option name="isDecoratedFolders" value="false" />
    <option name="isMaterialDesign" value="false" />
    <option name="isPsiIcons" value="false" />
    <option name="isTabsShadow" value="false" />
    <option name="isWizardShown" value="true" />
    <option name="pristineConfig" value="false" />
    <option name="statusBarTheme" value="false" />
    <option name="themedScrollbars" value="false" />
    <option name="upperCaseButtons" value="false" />
    <option name="useMaterialIcons" value="false" />
    <option name="useProjectViewDecorators" value="false" />
    <option name="rightTreeIndent" value="6" />
    <option name="settingsSelectedTab" value="4" />
    <option name="accentColor" value="5276af" />
    <option name="selectedTheme" value="ONE_DARK" />
    <option name="userId" value="-24b3ad7d:16ea6f06ee5:-8000" />
    <option name="version" value="3.5.0.1" />
  </component>
</application>