<application>
  <component name="libraryTable">
    <library name="java-1.8.0-openjdk-1.8.0.262-3.b10.redhat.windows">
      <CLASSES />
      <JAVADOC />
      <SOURCES>
        <root url="file://D:/development/java-1.8.0-openjdk-1.8.0.262-3.b10.redhat.windows.x86_64" />
      </SOURCES>
      <jarDirectory url="file://D:/development/java-1.8.0-openjdk-1.8.0.262-3.b10.redhat.windows.x86_64" recursive="false" type="SOURCES" />
    </library>
    <library name="java-11-openjdk-11.0.8.10-2.windows.redhat">
      <CLASSES />
      <JAVADOC />
      <SOURCES>
        <root url="file://D:/development/java-11-openjdk-11.0.8.10-2.windows.redhat.x86_64" />
      </SOURCES>
    </library>
    <library name="scala-sdk-2.13.1" type="Scala">
      <properties>
        <language-level>Scala_2_13</language-level>
        <compiler-classpath>
          <root url="file://D:/scala/lib/scala-compiler.jar" />
          <root url="file://D:/scala/lib/scala-library.jar" />
          <root url="file://D:/scala/lib/scala-reflect.jar" />
        </compiler-classpath>
      </properties>
      <CLASSES>
        <root url="jar://D:/scala/lib/scala-library.jar!/" />
        <root url="jar://D:/scala/lib/scala-reflect.jar!/" />
      </CLASSES>
      <JAVADOC>
        <root url="jar://D:/scala/api/jars/scala-library-2.13.1-javadoc.jar!/" />
        <root url="jar://D:/scala/api/jars/scala-reflect-2.13.1-javadoc.jar!/" />
      </JAVADOC>
      <SOURCES />
    </library>
  </component>
</application>