<application>
  <component name="ProjectManager">
    <defaultProject>
      <component name="Encoding" addBOMForNewFiles="with NO BOM" />
      <component name="MavenImportPreferences">
        <option name="generalSettings">
          <MavenGeneralSettings>
            <option name="localRepository" value="D:\development\repos" />
            <option name="mavenHome" value="D:\JetBrains\IntelliJ IDEA Community Edition 2020.1.4\plugins\maven\lib\maven3" />
            <option name="userSettingsFile" value="D:\development\apache-maven-3.5.3\conf\settings.xml" />
          </MavenGeneralSettings>
        </option>
      </component>
      <component name="ProjectViewState">
        <option name="flattenPackages" value="true" />
        <option name="hideEmptyMiddlePackages" value="true" />
        <option name="showLibraryContents" value="true" />
      </component>
      <component name="PropertiesComponent">
        <property name="node.js.path.for.package.jscs" value="project" />
        <property name="node.js.selected.package.jscs" value="" />
        <property name="nodejs_interpreter_path.stuck_in_default_project" value="undefined stuck path" />
        <property name="nodejs_npm_path_reset_for_default_project" value="true" />
        <property name="settings.editor.selected.configurable" value="preferences.keymap" />
      </component>
    </defaultProject>
  </component>
</application>