<keymap version="1" name="Eclipse copy" parent="Eclipse">
  <action id="ChangesView.GroupBy.Directory" />
  <action id="CodeCompletion">
    <keyboard-shortcut first-keystroke="ctrl space" />
    <keyboard-shortcut first-keystroke="alt slash" />
  </action>
  <action id="FileChooser.TogglePathShowing" />
  <action id="HippieCompletion" />
  <action id="ParameterInfo">
    <keyboard-shortcut first-keystroke="ctrl p" />
  </action>
  <action id="Print" />
  <action id="Scala.ShowImplicits">
    <keyboard-shortcut first-keystroke="shift ctrl alt equals" />
    <keyboard-shortcut first-keystroke="shift ctrl alt add" />
  </action>
  <action id="TodoViewGroupByShowPackages" />
</keymap>