<keymap version="1" name="Eclipse copy" parent="Eclipse">
  <action id="ChangesView.GroupBy.Directory" />
  <action id="CodeCompletion">
    <keyboard-shortcut first-keystroke="ctrl space" />
    <keyboard-shortcut first-keystroke="alt slash" />
  </action>
  <action id="FileChooser.TogglePathShowing" />
  <action id="HighlightUsagesInFile">
    <keyboard-shortcut first-keystroke="shift ctrl f7" />
  </action>
  <action id="HippieCompletion" />
  <action id="MoveLineDown">
    <keyboard-shortcut first-keystroke="alt down" />
  </action>
  <action id="MoveLineUp">
    <keyboard-shortcut first-keystroke="alt up" />
  </action>
  <action id="OverrideMethods">
    <keyboard-shortcut first-keystroke="shift alt o" />
  </action>
  <action id="ParameterInfo">
    <keyboard-shortcut first-keystroke="ctrl p" />
  </action>
  <action id="Print" />
  <action id="Scala.ShowImplicits">
    <keyboard-shortcut first-keystroke="shift ctrl alt equals" />
    <keyboard-shortcut first-keystroke="shift ctrl alt add" />
  </action>
  <action id="TodoViewGroupByShowPackages" />
</keymap>