<application>
  <component name="dataSourceStorage" format="xml" multifile-model="true">
    <data-source source="LOCAL" name="page@47.97.61.65" uuid="3516805e-7aee-4329-9726-23264979ff88">
      <driver-ref>mysql</driver-ref>
      <synchronize>true</synchronize>
      <jdbc-driver>com.mysql.jdbc.Driver</jdbc-driver>
      <jdbc-url>jdbc:mysql://47.97.61.65:33066/page?useUnicode=true&amp;characterEncoding=utf-8</jdbc-url>
      <driver-properties>
        <property name="autoReconnect" value="true" />
        <property name="zeroDateTimeBehavior" value="convertToNull" />
        <property name="tinyInt1isBit" value="false" />
        <property name="characterEncoding" value="utf8" />
        <property name="characterSetResults" value="utf8" />
        <property name="yearIsDateType" value="false" />
      </driver-properties>
    </data-source>
  </component>
</application>