<application>
  <component name="KeyPromoterXStatistic">
    <option name="statistics">
      <Statistic Action="Add">
        <Item>
          <IdeaActionID>Git.Add</IdeaActionID>
          <ShortCut>'Ctrl+Alt+A'</ShortCut>
          <Description>Add</Description>
          <Count>1</Count>
        </Item>
      </Statistic>
      <Statistic Action="Close">
        <Item>
          <IdeaActionID>CloseContent</IdeaActionID>
          <ShortCut>'Ctrl+F4'</ShortCut>
          <Description>Close</Description>
          <Count>2</Count>
        </Item>
      </Statistic>
      <Statistic Action="Close All">
        <Item>
          <IdeaActionID>CloseAllEditors</IdeaActionID>
          <ShortCut>'Ctrl+Shift+F4' or 'Ctrl+Shift+W'</ShortCut>
          <Description>Close All</Description>
          <Count>36</Count>
        </Item>
      </Statistic>
      <Statistic Action="Copy">
        <Item>
          <IdeaActionID>$Copy</IdeaActionID>
          <ShortCut>'Ctrl+C' or 'Ctrl+Insert'</ShortCut>
          <Description>Copy</Description>
          <Count>5</Count>
        </Item>
      </Statistic>
      <Statistic Action="Copy Reference">
        <Item>
          <IdeaActionID>CopyReference</IdeaActionID>
          <ShortCut>'Ctrl+Alt+Shift+C'</ShortCut>
          <Description>Copy Reference</Description>
          <Count>2</Count>
        </Item>
      </Statistic>
      <Statistic Action="Debug">
        <Item>
          <IdeaActionID>ActivateDebugToolWindow</IdeaActionID>
          <ShortCut>'Alt+5'</ShortCut>
          <Description>Debug</Description>
          <Count>1</Count>
        </Item>
      </Statistic>
      <Statistic Action="Debug 'DemoApplication'">
        <Item>
          <IdeaActionID>Debug</IdeaActionID>
          <ShortCut>'Alt+Shift+D' or 'Shift+F9'</ShortCut>
          <Description>Debug 'DemoApplication'</Description>
          <Count>1</Count>
        </Item>
      </Statistic>
      <Statistic Action="Debug 'GossdemoApplication'">
        <Item>
          <IdeaActionID>Debug</IdeaActionID>
          <ShortCut>'Alt+Shift+D' or 'Shift+F9'</ShortCut>
          <Description>Debug 'GossdemoApplication'</Description>
          <Count>6</Count>
        </Item>
      </Statistic>
      <Statistic Action="Debug 'ImageUApplication'">
        <Item>
          <IdeaActionID>Debug</IdeaActionID>
          <ShortCut>'Alt+Shift+D' or 'Shift+F9'</ShortCut>
          <Description>Debug 'ImageUApplication'</Description>
          <Count>1</Count>
        </Item>
      </Statistic>
      <Statistic Action="Debug 'SpringbootApplication'">
        <Item>
          <IdeaActionID>Debug</IdeaActionID>
          <ShortCut>'Alt+Shift+D' or 'Shift+F9'</ShortCut>
          <Description>Debug 'SpringbootApplication'</Description>
          <Count>7</Count>
        </Item>
      </Statistic>
      <Statistic Action="Debug 'Tomcat 8.0.53'">
        <Item>
          <IdeaActionID>Debug</IdeaActionID>
          <ShortCut>'Alt+Shift+D' or 'Shift+F9'</ShortCut>
          <Description>Debug 'Tomcat 8.0.53'</Description>
          <Count>11</Count>
        </Item>
      </Statistic>
      <Statistic Action="Debug 'Unnamed'">
        <Item>
          <IdeaActionID>Debug</IdeaActionID>
          <ShortCut>'Alt+Shift+D' or 'Shift+F9'</ShortCut>
          <Description>Debug 'Unnamed'</Description>
          <Count>1</Count>
        </Item>
      </Statistic>
      <Statistic Action="Debug 'mrna'">
        <Item>
          <IdeaActionID>Debug</IdeaActionID>
          <ShortCut>'Alt+Shift+D' or 'Shift+F9'</ShortCut>
          <Description>Debug 'mrna'</Description>
          <Count>7</Count>
        </Item>
      </Statistic>
      <Statistic Action="Declaration">
        <Item>
          <IdeaActionID>GotoDeclaration</IdeaActionID>
          <ShortCut>'F3'</ShortCut>
          <Description>Declaration</Description>
          <Count>61</Count>
        </Item>
      </Statistic>
      <Statistic Action="Delete">
        <Item>
          <IdeaActionID>FileChooser.Delete</IdeaActionID>
          <ShortCut>'Delete'</ShortCut>
          <Description>Delete</Description>
          <Count>1</Count>
        </Item>
      </Statistic>
      <Statistic Action="Delete...">
        <Item>
          <IdeaActionID>$Delete</IdeaActionID>
          <ShortCut>'Delete'</ShortCut>
          <Description>Delete...</Description>
          <Count>9</Count>
        </Item>
      </Statistic>
      <Statistic Action="Force Step Into">
        <Item>
          <IdeaActionID>ForceStepInto</IdeaActionID>
          <ShortCut>'Alt+Shift+F7'</ShortCut>
          <Description>Force Step Into</Description>
          <Count>1</Count>
        </Item>
      </Statistic>
      <Statistic Action="Generate...">
        <Item>
          <IdeaActionID>Generate</IdeaActionID>
          <ShortCut>'Alt+Insert'</ShortCut>
          <Description>Generate...</Description>
          <Count>2</Count>
        </Item>
      </Statistic>
      <Statistic Action="GoTo">
        <Item>
          <IdeaActionID>GotoDeclaration</IdeaActionID>
          <ShortCut>'F3'</ShortCut>
          <Description>GoTo</Description>
          <Count>77</Count>
        </Item>
      </Statistic>
      <Statistic Action="Hide All Windows">
        <Item>
          <IdeaActionID>HideAllWindows</IdeaActionID>
          <ShortCut>'Ctrl+Shift+F12'</ShortCut>
          <Description>Hide All Windows</Description>
          <Count>24</Count>
        </Item>
      </Statistic>
      <Statistic Action="Jump to Console...">
        <Item>
          <IdeaActionID>Jdbc.OpenConsole.Any</IdeaActionID>
          <ShortCut>'Ctrl+Shift+F10'</ShortCut>
          <Description>Jump to Console...</Description>
          <Count>6</Count>
        </Item>
      </Statistic>
      <Statistic Action="Messages">
        <Item>
          <IdeaActionID>ActivateMessagesToolWindow</IdeaActionID>
          <ShortCut>'Alt+0'</ShortCut>
          <Description>Messages</Description>
          <Count>2</Count>
        </Item>
      </Statistic>
      <Statistic Action="Modify Column...">
        <Item>
          <IdeaActionID>ModifyObject</IdeaActionID>
          <ShortCut>'Alt+Shift+C'</ShortCut>
          <Description>Modify Column...</Description>
          <Count>1</Count>
        </Item>
      </Statistic>
      <Statistic Action="Move...">
        <Item>
          <IdeaActionID>Move</IdeaActionID>
          <ShortCut>'Alt+Shift+V'</ShortCut>
          <Description>Move...</Description>
          <Count>2</Count>
        </Item>
      </Statistic>
      <Statistic Action="Paste">
        <Item>
          <IdeaActionID>$Paste</IdeaActionID>
          <ShortCut>'Ctrl+V' or 'Shift+Insert'</ShortCut>
          <Description>Paste</Description>
          <Count>1</Count>
        </Item>
      </Statistic>
      <Statistic Action="Project">
        <Item>
          <IdeaActionID>ActivateProjectToolWindow</IdeaActionID>
          <ShortCut>'Alt+1'</ShortCut>
          <Description>Project</Description>
          <Count>12</Count>
        </Item>
      </Statistic>
      <Statistic Action="Project Structure...">
        <Item>
          <IdeaActionID>ShowProjectStructureSettings</IdeaActionID>
          <ShortCut>'Ctrl+Alt+Shift+S'</ShortCut>
          <Description>Project Structure...</Description>
          <Count>16</Count>
        </Item>
      </Statistic>
      <Statistic Action="Properties">
        <Item>
          <IdeaActionID>DatabaseView.PropertiesAction</IdeaActionID>
          <ShortCut>'Shift+Enter'</ShortCut>
          <Description>Properties</Description>
          <Count>2</Count>
        </Item>
      </Statistic>
      <Statistic Action="Push...">
        <Item>
          <IdeaActionID>Vcs.Push</IdeaActionID>
          <ShortCut>'Ctrl+Shift+K'</ShortCut>
          <Description>Push...</Description>
          <Count>5</Count>
        </Item>
      </Statistic>
      <Statistic Action="Rerun 'ConsumerTest'">
        <Item>
          <IdeaActionID>Rerun</IdeaActionID>
          <ShortCut>'Ctrl+F11'</ShortCut>
          <Description>Rerun 'ConsumerTest'</Description>
          <Count>2</Count>
        </Item>
      </Statistic>
      <Statistic Action="Rerun 'Demo (1)'">
        <Item>
          <IdeaActionID>Rerun</IdeaActionID>
          <ShortCut>'Ctrl+F11'</ShortCut>
          <Description>Rerun 'Demo (1)'</Description>
          <Count>1</Count>
        </Item>
      </Statistic>
      <Statistic Action="Rerun 'DemoApplication'">
        <Item>
          <IdeaActionID>Rerun</IdeaActionID>
          <ShortCut>'Ctrl+F11'</ShortCut>
          <Description>Rerun 'DemoApplication'</Description>
          <Count>4</Count>
        </Item>
      </Statistic>
      <Statistic Action="Rerun 'GossdemoApplication'">
        <Item>
          <IdeaActionID>Rerun</IdeaActionID>
          <ShortCut>'Ctrl+F11'</ShortCut>
          <Description>Rerun 'GossdemoApplication'</Description>
          <Count>3</Count>
        </Item>
      </Statistic>
      <Statistic Action="Rerun 'Init'">
        <Item>
          <IdeaActionID>Rerun</IdeaActionID>
          <ShortCut>'Ctrl+F11'</ShortCut>
          <Description>Rerun 'Init'</Description>
          <Count>1</Count>
        </Item>
      </Statistic>
      <Statistic Action="Rerun 'MqApplication'">
        <Item>
          <IdeaActionID>Rerun</IdeaActionID>
          <ShortCut>'Ctrl+F11'</ShortCut>
          <Description>Rerun 'MqApplication'</Description>
          <Count>3</Count>
        </Item>
      </Statistic>
      <Statistic Action="Rerun 'Producer'">
        <Item>
          <IdeaActionID>Rerun</IdeaActionID>
          <ShortCut>'Ctrl+F11'</ShortCut>
          <Description>Rerun 'Producer'</Description>
          <Count>1</Count>
        </Item>
      </Statistic>
      <Statistic Action="Rerun 'PublishTest'">
        <Item>
          <IdeaActionID>Rerun</IdeaActionID>
          <ShortCut>'Ctrl+F11'</ShortCut>
          <Description>Rerun 'PublishTest'</Description>
          <Count>1</Count>
        </Item>
      </Statistic>
      <Statistic Action="Rerun 'ScheduledemoApplication'">
        <Item>
          <IdeaActionID>Rerun</IdeaActionID>
          <ShortCut>'Ctrl+F11'</ShortCut>
          <Description>Rerun 'ScheduledemoApplication'</Description>
          <Count>8</Count>
        </Item>
      </Statistic>
      <Statistic Action="Rerun 'SpringbootApplication'">
        <Item>
          <IdeaActionID>Rerun</IdeaActionID>
          <ShortCut>'Ctrl+F11'</ShortCut>
          <Description>Rerun 'SpringbootApplication'</Description>
          <Count>28</Count>
        </Item>
      </Statistic>
      <Statistic Action="Rerun 'Unnamed'">
        <Item>
          <IdeaActionID>Rerun</IdeaActionID>
          <ShortCut>'Ctrl+F11'</ShortCut>
          <Description>Rerun 'Unnamed'</Description>
          <Count>1</Count>
        </Item>
      </Statistic>
      <Statistic Action="Restore Windows">
        <Item>
          <IdeaActionID>HideAllWindows</IdeaActionID>
          <ShortCut>'Ctrl+Shift+F12'</ShortCut>
          <Description>Restore Windows</Description>
          <Count>15</Count>
        </Item>
      </Statistic>
      <Statistic Action="Resume Program">
        <Item>
          <IdeaActionID>Resume</IdeaActionID>
          <ShortCut>'F8' or 'F9'</ShortCut>
          <Description>Resume Program</Description>
          <Count>27</Count>
        </Item>
      </Statistic>
      <Statistic Action="Run">
        <Item>
          <IdeaActionID>ActivateRunToolWindow</IdeaActionID>
          <ShortCut>'Alt+4'</ShortCut>
          <Description>Run</Description>
          <Count>4</Count>
        </Item>
      </Statistic>
      <Statistic Action="Run 'Config.main()'">
        <Item>
          <IdeaActionID>RunClass</IdeaActionID>
          <ShortCut>'Ctrl+Shift+F10'</ShortCut>
          <Description>Run 'Config.main()'</Description>
          <Count>1</Count>
        </Item>
      </Statistic>
      <Statistic Action="Run 'Demo (1)'">
        <Item>
          <IdeaActionID>RunClass</IdeaActionID>
          <ShortCut>'Ctrl+Shift+F10'</ShortCut>
          <Description>Run 'Demo (1)'</Description>
          <Count>1</Count>
        </Item>
      </Statistic>
      <Statistic Action="Run 'GossdemoApplic....main()'">
        <Item>
          <IdeaActionID>RunClass</IdeaActionID>
          <ShortCut>'Ctrl+Shift+F10'</ShortCut>
          <Description>Run 'GossdemoApplic....main()'</Description>
          <Count>3</Count>
        </Item>
      </Statistic>
      <Statistic Action="Run 'GossdemoApplication'">
        <Item>
          <IdeaActionID>RunClass</IdeaActionID>
          <ShortCut>'Ctrl+Shift+F10'</ShortCut>
          <Description>Run 'GossdemoApplication'</Description>
          <Count>19</Count>
        </Item>
      </Statistic>
      <Statistic Action="Run 'OSSDownloadDemo.main()'">
        <Item>
          <IdeaActionID>RunClass</IdeaActionID>
          <ShortCut>'Ctrl+Shift+F10'</ShortCut>
          <Description>Run 'OSSDownloadDemo.main()'</Description>
          <Count>1</Count>
        </Item>
      </Statistic>
      <Statistic Action="Run 'PracticeApplication'">
        <Item>
          <IdeaActionID>RunClass</IdeaActionID>
          <ShortCut>'Ctrl+Shift+F10'</ShortCut>
          <Description>Run 'PracticeApplication'</Description>
          <Count>1</Count>
        </Item>
      </Statistic>
      <Statistic Action="Run 'SpringbootApplication'">
        <Item>
          <IdeaActionID>Run</IdeaActionID>
          <ShortCut>'Alt+Shift+X' or 'Shift+F10'</ShortCut>
          <Description>Run 'SpringbootApplication'</Description>
          <Count>1</Count>
        </Item>
      </Statistic>
      <Statistic Action="Run 'test()'">
        <Item>
          <IdeaActionID>RunClass</IdeaActionID>
          <ShortCut>'Ctrl+Shift+F10'</ShortCut>
          <Description>Run 'test()'</Description>
          <Count>1</Count>
        </Item>
      </Statistic>
      <Statistic Action="Run 'test1()'">
        <Item>
          <IdeaActionID>RunClass</IdeaActionID>
          <ShortCut>'Ctrl+Shift+F10'</ShortCut>
          <Description>Run 'test1()'</Description>
          <Count>1</Count>
        </Item>
      </Statistic>
      <Statistic Action="Settings...">
        <Item>
          <IdeaActionID>ShowSettings</IdeaActionID>
          <ShortCut>'Ctrl+Alt+S'</ShortCut>
          <Description>Settings...</Description>
          <Count>54</Count>
        </Item>
      </Statistic>
      <Statistic Action="Step Into">
        <Item>
          <IdeaActionID>StepInto</IdeaActionID>
          <ShortCut>'F5'</ShortCut>
          <Description>Step Into</Description>
          <Count>2</Count>
        </Item>
      </Statistic>
      <Statistic Action="Step Over">
        <Item>
          <IdeaActionID>StepOver</IdeaActionID>
          <ShortCut>'F6'</ShortCut>
          <Description>Step Over</Description>
          <Count>1</Count>
        </Item>
      </Statistic>
      <Statistic Action="Stop 'Config'">
        <Item>
          <IdeaActionID>Stop</IdeaActionID>
          <ShortCut>'Ctrl+F2'</ShortCut>
          <Description>Stop 'Config'</Description>
          <Count>1</Count>
        </Item>
      </Statistic>
      <Statistic Action="Stop 'Consumer'">
        <Item>
          <IdeaActionID>Stop</IdeaActionID>
          <ShortCut>'Ctrl+F2'</ShortCut>
          <Description>Stop 'Consumer'</Description>
          <Count>6</Count>
        </Item>
      </Statistic>
      <Statistic Action="Stop 'ConsumerTest'">
        <Item>
          <IdeaActionID>Stop</IdeaActionID>
          <ShortCut>'Ctrl+F2'</ShortCut>
          <Description>Stop 'ConsumerTest'</Description>
          <Count>4</Count>
        </Item>
      </Statistic>
      <Statistic Action="Stop 'DemoApplication'">
        <Item>
          <IdeaActionID>Stop</IdeaActionID>
          <ShortCut>'Ctrl+F2'</ShortCut>
          <Description>Stop 'DemoApplication'</Description>
          <Count>7</Count>
        </Item>
      </Statistic>
      <Statistic Action="Stop 'DiskLoad'">
        <Item>
          <IdeaActionID>Stop</IdeaActionID>
          <ShortCut>'Ctrl+F2'</ShortCut>
          <Description>Stop 'DiskLoad'</Description>
          <Count>2</Count>
        </Item>
      </Statistic>
      <Statistic Action="Stop 'GossdemoApplication'">
        <Item>
          <IdeaActionID>Stop</IdeaActionID>
          <ShortCut>'Ctrl+F2'</ShortCut>
          <Description>Stop 'GossdemoApplication'</Description>
          <Count>12</Count>
        </Item>
      </Statistic>
      <Statistic Action="Stop 'MqApplication'">
        <Item>
          <IdeaActionID>Stop</IdeaActionID>
          <ShortCut>'Ctrl+F2'</ShortCut>
          <Description>Stop 'MqApplication'</Description>
          <Count>9</Count>
        </Item>
      </Statistic>
      <Statistic Action="Stop 'PracticeApplication'">
        <Item>
          <IdeaActionID>Stop</IdeaActionID>
          <ShortCut>'Ctrl+F2'</ShortCut>
          <Description>Stop 'PracticeApplication'</Description>
          <Count>2</Count>
        </Item>
      </Statistic>
      <Statistic Action="Stop 'PublishTest'">
        <Item>
          <IdeaActionID>Stop</IdeaActionID>
          <ShortCut>'Ctrl+F2'</ShortCut>
          <Description>Stop 'PublishTest'</Description>
          <Count>1</Count>
        </Item>
      </Statistic>
      <Statistic Action="Stop 'RocketMQProducer'">
        <Item>
          <IdeaActionID>Stop</IdeaActionID>
          <ShortCut>'Ctrl+F2'</ShortCut>
          <Description>Stop 'RocketMQProducer'</Description>
          <Count>1</Count>
        </Item>
      </Statistic>
      <Statistic Action="Stop 'ScheduledemoApplication'">
        <Item>
          <IdeaActionID>Stop</IdeaActionID>
          <ShortCut>'Ctrl+F2'</ShortCut>
          <Description>Stop 'ScheduledemoApplication'</Description>
          <Count>7</Count>
        </Item>
      </Statistic>
      <Statistic Action="Stop 'SpringbootApplication'">
        <Item>
          <IdeaActionID>Stop</IdeaActionID>
          <ShortCut>'Ctrl+F2'</ShortCut>
          <Description>Stop 'SpringbootApplication'</Description>
          <Count>19</Count>
        </Item>
      </Statistic>
      <Statistic Action="Stop 'mrna'">
        <Item>
          <IdeaActionID>Stop</IdeaActionID>
          <ShortCut>'Ctrl+F2'</ShortCut>
          <Description>Stop 'mrna'</Description>
          <Count>2</Count>
        </Item>
      </Statistic>
      <Statistic Action="Stop...">
        <Item>
          <IdeaActionID>Stop</IdeaActionID>
          <ShortCut>'Ctrl+F2'</ShortCut>
          <Description>Stop...</Description>
          <Count>3</Count>
        </Item>
      </Statistic>
      <Statistic Action="Submit">
        <Item>
          <IdeaActionID>Console.TableResult.Submit</IdeaActionID>
          <ShortCut>'Ctrl+Enter'</ShortCut>
          <Description>Submit</Description>
          <Count>8</Count>
        </Item>
      </Statistic>
      <Statistic Action="TODO">
        <Item>
          <IdeaActionID>ActivateTODOToolWindow</IdeaActionID>
          <ShortCut>'Alt+6'</ShortCut>
          <Description>TODO</Description>
          <Count>2</Count>
        </Item>
      </Statistic>
      <Statistic Action="Terminal">
        <Item>
          <IdeaActionID>ActivateTerminalToolWindow</IdeaActionID>
          <ShortCut>'Alt+F12'</ShortCut>
          <Description>Terminal</Description>
          <Count>14</Count>
        </Item>
      </Statistic>
      <Statistic Action="Toggle Line Breakpoint">
        <Item>
          <IdeaActionID>ToggleLineBreakpoint</IdeaActionID>
          <ShortCut>'Ctrl+Shift+B' or 'Ctrl+F8'</ShortCut>
          <Description>Toggle Line Breakpoint</Description>
          <Count>63</Count>
        </Item>
      </Statistic>
      <Statistic Action="Translate">
        <Item>
          <IdeaActionID>$EditorTranslateAction</IdeaActionID>
          <ShortCut>'Ctrl+Shift+Y'</ShortCut>
          <Description>Translate</Description>
          <Count>2</Count>
        </Item>
      </Statistic>
      <Statistic Action="Update 'mrna' application">
        <Item>
          <IdeaActionID>UpdateRunningApplication</IdeaActionID>
          <ShortCut>'Ctrl+F10'</ShortCut>
          <Description>Update 'mrna' application</Description>
          <Count>1</Count>
        </Item>
      </Statistic>
      <Statistic Action="Version Control">
        <Item>
          <IdeaActionID>ActivateVersionControlToolWindow</IdeaActionID>
          <ShortCut>'Alt+9' or 'Alt+Shift+9'</ShortCut>
          <Description>Version Control</Description>
          <Count>2</Count>
        </Item>
      </Statistic>
    </option>
  </component>
</application>