<application>
  <component name="AppStorage">
    <histories>
      <item value="DO NOT ALTER OR REMOVE COPYRIGHT NOTICES OR THIS FILE HEADER. * * This code is free software; you can redistribute it and/or modify it * under the terms of the GNU General Public License version 2 only, as * published by the Free Software Foundation. Oracle designates this * particular file as subject to the &quot;Classpath&quot; exception as provided * by Oracle in the LICENSE file that accompanied this code." />
      <item value="Provides a framework for implementing blocking locks and related * synchronizers (semaphores, events, etc) that rely on * first-in-first-out (FIFO) wait queues. This class is designed to * be a useful basis for most kinds of synchronizers that rely on a * single atomic {@code int} value to represent state. Subclasses * must define the protected methods that change this state, and which * define what that state means in terms of this object being acquired * or released. Given these, the other methods in this class carry * out all queuing and blocking mechanics. Subclasses can maintain * other state fields, but only the atomically updated {@code int} * value manipulated using methods {@link #getState}, {@link * #setState} and {@link #compareAndSetState} is tracked with respect * to synchronization" />
    </histories>
    <option name="languageScores">
      <map>
        <entry key="CHINESE" value="1" />
        <entry key="ENGLISH" value="2" />
      </map>
    </option>
  </component>
</application>